;0.499;0.539;0.579;0.619;0.659;0.699;0.739;0.779;0.819;0.859;0.899;0.939;0.979;1.019;1.059;1.099;1.139;1.179;1.219;1.259;1.299;1.339;1.379;1.419;1.459;1.499;1.539;1.579;1.619;1.659;1.699;1.739;1.779;1.819;1.859;1.899;1.939;1.979;2.019;2.059;2.099;2.139;2.179;2.219;2.259;2.299;2.339;2.379;2.419;2.459;2.499;2.539;2.579;2.619;2.659;2.699;2.739;2.779;2.819;2.859;2.899;2.939;2.979;3.019;3.059;3.099;3.139;3.179;3.219;3.259;3.299;3.339;3.379;3.419;3.459;3.499;3.539;3.579;3.619;3.659;3.699;3.739;3.779;3.819;3.859;3.899;3.939;3.979;4.019;4.059;4.099;4.139;4.179;4.219;4.259;4.299;4.339;4.379;4.419;4.459;4.499;4.539;4.579;4.619;4.659;4.699;4.739;4.779;4.819;4.859;4.899;4.939;4.979;5.019;5.059;5.099;5.139;5.179;5.219;5.259;5.299;5.339;5.379;5.419;5.459;5.499;5.539;5.579;5.619;5.659;5.699;5.739;5.779;5.819;5.859;5.899;5.939;5.979;6.019;6.059;6.099;6.139;6.179;6.219;6.259;6.299;6.339;6.379;6.419;6.459;6.499;6.539;6.579;6.619;6.659;6.699;6.739;6.779;6.819;6.859;6.899;6.939;6.979;7.019;7.059;7.099;7.139;7.179;7.219;7.259;7.299;7.339;7.379;7.419;7.459;7.499;7.539;7.579;7.619;7.659;7.699;7.739;7.779;7.819;7.859;7.899;7.939;7.979;8.019;8.059;8.099;8.139;8.179;8.219;8.259;8.299;8.339;8.379;8.419;8.46;8.5;8.539;8.579;8.619;8.659;8.699;8.739;8.779;8.819;8.859;8.899;8.939;8.979;9.019;9.059;9.099;9.139;9.179;9.219;9.259;9.299;9.339;9.379;9.419;9.459;9.5;9.539;9.579;9.619;9.659;9.699;9.739;9.779;9.819;9.859;9.899;9.939;9.979
PAS1_E1R1;0.0002282;0.00041065;0.00035291;0.00030621;0.00032101;0.00030946;0.00051722;0.00105836;0.00441929;0.04243461;0.04799829;0.01188329;0.01082681;0.00641247;0.00461881;0.00054346;0.00100192;0.00217455;0.00790722;0.03325849;0.06794166;0.06618762;0.00765072;0.0029225;0.00202093;0.01099612;0.00146462;0.00260971;0.00248937;0.00138739;0.00255051;0.00486141;0.0016976;0.00060611;0.00073371;0.00261367;0.00765436;0.00492312;0.01746775;0.02923443;0.01127424;0.00905255;0.00457366;0.00113982;0.0048444;0.00351986;0.00327131;0.00362416;0.00201934;0.00779163;0.00275766;0.00135897;0.00131985;0.00032611;0.0017437;0.00255515;0.00259787;0.00310507;0.00148809;0.00068836;0.00060474;0.00158635;0.00134456;0.00415535;0.00635012;0.00130044;0.00133658;0.00250726;0.02869404;0.0559925;0.01062534;0.00126812;0.00363208;0.03669757;0.0194238;0.03501987;0.01498135;0.01571016;0.00516716;0.00929953;0.01939365;0.04183689;0.02597225;0.01491819;0.02919401;0.02147611;0.01507509;0.00322084;0.00210695;0.00166161;0.00152061;0.00769685;0.00058762;0.00037778;0.00056639;0.00045332;0.00030954;0.00042468;0.00046767;0.00056883;0.00032044;0;0;0;0;0;0;0;0;0;0;0;0;0;0;0.00027548;0.00045911;0.00038167;0.00061992;0.01578392;0.00455412;0.00449012;0.00087451;0.00039499;0.00032684;0.00031144;0.00031431;0.00031749;0.0003585;0.00033312;0.00034795;0.00039899;0.00066641;0.00085124;0.00046816;0.0003494;0.00037738;0.00030784;0.00034729;0.00031514;0.00031045;0.00032215;0.00030547;0.00030167;0.00032837;0.00030589;0.00026796;0.00030286;0.00034455;0.00027664;0.00029348;0.00028506;0.00028502;0.0003419;0.00030029;0.00030752;0.00042929;0.000316;0.00032927;0.00036435;0.00077372;0.00068987;0.00048796;0.00054089;0.00038145;0.000932;0.00045727;0.00043798;0.00086126;0.00070163;0.00049243;0.00156146;0.00077945;0.00067789;0.0007355;0.00034673;0.00035813;0.00031293;0.00027967;0.00033974;0.00047035;0.0003967;0.00033944;0.00101004;0.00053471;0.00040587;0.00046945;0.00033062;0.00027808;0.00035337;0.0002972;0.00032136;0.00029644;0.00033401;0.00033509;0.00029166;0.00030345;0.00033209;0.00029502;0.00068431;0.00030244;0.00029273;0.00028089;0.00026267;0.00032077;0.00027408;0.00029242;0.00031288;0.00027537;0.00030077;0.00027634;0.00029806;0.00027356;0.00027041;0.00031124;0.00032372;0.0003041;0.00032969;0.00029332;0.00026761;0.00031039;0.00030774;0.00028915;0.00032155;0.00028267;0.00030641;0.00029089;0.00031676;0.00029672;0.00034607;0.00032229;0.00027823;0.00030898;0.00032835;0.00032143;0.00028826;0.0002789;0.00027681
PAS1_E1R2;0.00022324;0.00049362;0.00054546;0.00044578;0.00043025;0.00041114;0.00032765;0.00037511;0.00312256;0.040371468;0.047693558;0.01236689;0.01103352;0.00665206;0.00457368;0.00052786;0.00080649;0.00172072;0.00690976;0.031599639;0.066497667;0.065440497;0.00913913;0.00374829;0.00267305;0.01145152;0.00200822;0.00301814;0.0028716;0.00164695;0.00278186;0.00505245;0.00201503;0.00081867;0.00089077;0.00259603;0.0077047;0.00487222;0.017117149;0.029150999;0.01166513;0.00940359;0.00505244;0.00145826;0.00508553;0.00373953;0.00351774;0.00390898;0.00231381;0.00790304;0.00301743;0.00169941;0.0014558;0.00030658;0.00192025;0.00276082;0.00278064;0.00338986;0.00175989;0.00086643;0.00075829;0.00163007;0.00153273;0.00419647;0.00639284;0.00147955;0.00154074;0.00257326;0.028359879;0.055135288;0.01060814;0.00147506;0.00366208;0.036237429;0.019365329;0.034733869;0.015203219;0.015725779;0.00547329;0.00940214;0.019270239;0.041508108;0.026082009;0.015039469;0.029134019;0.021639539;0.015285849;0.00355762;0.00244524;0.00205659;0.00167344;0.00738437;0.00048252;0.00033306;0.00041064;0.00075231;0.00047002;0.00030224;0.00032396;0.00026584;0.00016706;0;0;0;0;0;0;0;0;0;0;0;0;0;0;0.00053218;0.00095765;0.0006713;0.00044176;0.015128009;0.00422833;0.00417939;0.00068299;0.00028951;0.0002715;0.00029141;0.00030402;0.00030104;0.000313;0.0002906;0.00033879;0.00039113;0.00063101;0.00081405;0.00039625;0.00037208;0.0003208;0.0003134;0.000276;0.00032923;0.00030407;0.00032983;0.00029705;0.00027063;0.00032101;0.00025448;0.00028368;0.0002593;0.00032265;0.00029848;0.00028208;0.00029107;0.00025412;0.00026539;0.00030322;0.00031003;0.00041236;0.00034956;0.00031522;0.0003295;0.0007784;0.00066802;0.00049253;0.00053096;0.00036201;0.0009298;0.00043832;0.00042505;0.00087248;0.00067161;0.00053402;0.0014517;0.0008008;0.00068437;0.00064762;0.00030925;0.00030932;0.00032047;0.00034103;0.0003245;0.00047107;0.00033809;0.00035516;0.00101268;0.00048715;0.00035707;0.00044461;0.00028479;0.00030569;0.00033784;0.00033476;0.00030507;0.00030219;0.00027881;0.00034683;0.00029745;0.00031024;0.00032158;0.00029499;0.00067828;0.00028512;0.00025173;0.00030043;0.00027449;0.00029118;0.00030598;0.0002937;0.00029922;0.00031825;0.00029172;0.0002852;0.00030822;0.00026563;0.00029582;0.0003023;0.00032654;0.00029897;0.00029855;0.00030359;0.00025976;0.00028684;0.00027246;0.00028147;0.00030397;0.00025739;0.00026181;0.00027309;0.00028282;0.0003126;0.00026628;0.00029259;0.00025119;0.00030056;0.00028484;0.00029958;0.00027245;0.00029699;0.00027076
PAS1_E1R3;0.00023597;0.00048815;0.0005019;0.00040314;0.00039318;0.00035087;0.00032485;0.00049919;0.00333908;0.040809778;0.047859478;0.01236306;0.01099278;0.00664357;0.00458274;0.00055088;0.00089656;0.00180045;0.00708553;0.031930289;0.066649117;0.065317407;0.00902487;0.00366727;0.00251737;0.01132818;0.00190752;0.00292399;0.00284226;0.00160902;0.002701;0.00507109;0.00200227;0.0008135;0.00086133;0.00259647;0.00782448;0.00490347;0.017164529;0.029178549;0.01165822;0.00925921;0.00496142;0.00136058;0.00500661;0.00371297;0.00353024;0.00388609;0.00221625;0.00790856;0.00298162;0.0016557;0.00141954;0.00028476;0.00188076;0.00273916;0.00288038;0.00339572;0.00172846;0.00086072;0.00085813;0.00166244;0.00149782;0.00423808;0.00643774;0.00150002;0.00157169;0.00266156;0.028658229;0.055482098;0.01058901;0.00143318;0.00366919;0.036437509;0.019349669;0.034788139;0.015124199;0.015790869;0.00542764;0.00938708;0.019267939;0.041612328;0.025907149;0.014867919;0.029028919;0.021481669;0.015124359;0.0032743;0.0022112;0.00179327;0.00155366;0.00701628;0.00048093;0.00033502;0.00051494;0.00052826;0.00040549;0.00031356;0.0003134;0.00044024;0.00028915;0;0;0;0;0;0;0;0;0;0;0;0;0;0;0.00038707;0.00055846;0.0004252;0.00056855;0.015301909;0.00430658;0.00422809;0.0007329;0.00030063;0.00029968;0.00030746;0.00030583;0.00029624;0.00035021;0.0002852;0.00033228;0.00042736;0.00071586;0.00091964;0.00050298;0.00033839;0.0003432;0.00033314;0.0003343;0.0003339;0.00035425;0.00028395;0.00030367;0.00029811;0.00031514;0.00029838;0.0002766;0.00029926;0.00028017;0.00030996;0.00031273;0.00029673;0.00027072;0.00030582;0.00029918;0.00028359;0.00043843;0.00034901;0.00029627;0.00035666;0.0008075;0.0006731;0.00048258;0.00057905;0.00034298;0.00091744;0.00050389;0.00043028;0.00090947;0.00065058;0.00051086;0.00154751;0.00080886;0.00070464;0.00067306;0.00028056;0.00033674;0.00034317;0.0003318;0.00033294;0.0004678;0.00034266;0.00031201;0.00097568;0.00048333;0.00042884;0.00046184;0.00033546;0.00029264;0.00034989;0.00032565;0.00029734;0.00029463;0.00027239;0.00031602;0.0002832;0.00029795;0.00032059;0.00028756;0.0006948;0.00028982;0.00026478;0.00027325;0.00028692;0.00030936;0.00031629;0.00030165;0.0003181;0.00028354;0.00026033;0.00028146;0.00027881;0.00028146;0.00031511;0.000307;0.00021799;0.00027587;0.00028481;0.00027348;0.00029205;0.00030174;0.00028718;0.0002975;0.00026795;0.00029118;0.00029429;0.00029989;0.00026441;0.00034475;0.0003018;0.00027945;0.00029111;0.00030446;0.00028187;0.00025426;0.00026625;0.00029626;0.00028622
PAS1_E2R1;0.00018218;0.00037652;0.00031029;0.00033283;0.00029309;0.00028959;0.0005226;0.00094644;0.00417546;0.041139808;0.048561067;0.011951669;0.010653819;0.0067529;0.0045971;0.00055269;0.00098633;0.00209533;0.00758777;0.032355718;0.067758636;0.065834976;0.00782941;0.00296128;0.00211841;0.011125959;0.00147687;0.00263609;0.00256452;0.00139307;0.00254028;0.00497146;0.00193353;0.0006702;0.00081854;0.00259801;0.00828443;0.00491191;0.017291419;0.029371928;0.011354139;0.008929009;0.0049466;0.00117504;0.00489524;0.00353371;0.00331637;0.00376561;0.00203696;0.00770483;0.00301697;0.00150763;0.00133933;0.00029485;0.00178541;0.00264011;0.00266826;0.00327053;0.00162329;0.00071844;0.00069758;0.00164743;0.00148814;0.00418019;0.00669109;0.00154597;0.00158692;0.00277197;0.027490378;0.056287597;0.011343889;0.00125464;0.00338968;0.034294948;0.020906199;0.036210298;0.013713489;0.017096529;0.00532206;0.009183729;0.019394869;0.041572958;0.026055998;0.015107139;0.029546368;0.021518439;0.015277079;0.00322322;0.00230556;0.00169184;0.00152198;0.00745415;0.00057459;0.00033187;0.00051182;0.00051828;0.00037742;0.00033185;0.00042123;0.00036241;0.00024266;0;0;0;0;0;0;0;0;0;0;0;0;0;0;0.00029793;0.00054554;0.00038253;0.00059481;0.015642139;0.00432888;0.00450587;0.00087392;0.00037443;0.00032395;0.00030318;0.00028245;0.00032952;0.00029392;0.00033008;0.00033283;0.00032699;0.00060436;0.00090302;0.00046181;0.00032966;0.000321;0.00034418;0.00030514;0.00032815;0.00029356;0.000263;0.0002929;0.00032396;0.00029012;0.00030237;0.00026841;0.00029269;0.00030846;0.00030369;0.00033419;0.00029643;0.00029795;0.00031921;0.00026046;0.00029374;0.00038605;0.00032047;0.000303;0.00036906;0.00075208;0.00059568;0.00049194;0.00048651;0.00043217;0.00088213;0.00038558;0.00036774;0.00090302;0.00060746;0.00049139;0.00146077;0.00081798;0.00064487;0.00067981;0.00025002;0.00032653;0.00031601;0.00032578;0.00033182;0.00043403;0.00035209;0.00035788;0.00099687;0.00048123;0.00040232;0.00037073;0.00032049;0.00029455;0.00032922;0.00031544;0.00030832;0.00028377;0.00029707;0.00032511;0.00032016;0.00028796;0.00032071;0.00028085;0.00086566;0.00032057;0.00026753;0.00026409;0.00028852;0.00026877;0.00029307;0.0002941;0.00032037;0.00029022;0.00029345;0.0002741;0.00029375;0.00026707;0.00028607;0.00029857;0.00029496;0.00026608;0.00027462;0.00028457;0.00030018;0.0002893;0.00030464;0.000279;0.00026858;0.0002927;0.00030512;0.00028756;0.00026445;0.00030408;0.00028976;0.00030808;0.00030131;0.00029969;0.00029805;0.000294;0.00027922;0.00028813;0.00030501
PAS1_E2R2;0.00030894;0.00064851;0.00070398;0.00071887;0.00065403;0.00075409;0.00047564;0.00033199;0.00223696;0.038243711;0.048332131;0.01263608;0.01092689;0.00700131;0.00455638;0.00051966;0.00056386;0.00121101;0.00592855;0.029861681;0.066016661;0.065992431;0.01009694;0.00417503;0.00284718;0.01163591;0.00225828;0.00310065;0.00302987;0.00177;0.00267544;0.00518036;0.00215068;0.00081127;0.00087648;0.00243959;0.00812794;0.00459836;0.0165536;0.029280351;0.01195027;0.00928306;0.00547798;0.00154705;0.00508133;0.00382178;0.00352494;0.00397407;0.00224319;0.00772617;0.00334084;0.00171929;0.00146734;0.00033218;0.00193247;0.00263026;0.00268092;0.00333629;0.00170995;0.00079264;0.00072291;0.00149487;0.00134165;0.00385962;0.00645403;0.001399;0.00125053;0.0021398;0.026058321;0.055626271;0.01182787;0.00133289;0.00305517;0.034049561;0.02022201;0.035561641;0.01394683;0.01714346;0.00542779;0.00902633;0.0188217;0.040995771;0.026124051;0.01522862;0.029381261;0.02159989;0.01572244;0.00377274;0.00267482;0.00204543;0.00166773;0.00742032;0.00052911;0.00027327;0.00042016;0.00064377;0.00045569;0.00032214;0.00028429;0.00039768;0.00019243;0;0;0;0;0;0;0;0;0;0;0;0;0;0;0.00015224;0.00032657;0.0003089;0.00088899;0.01558779;0.00458571;0.00455895;0.00112318;0.00048758;0.00038161;0.00038917;0.00043019;0.00037607;0.00046486;0.00044467;0.00048268;0.00053731;0.00080154;0.0010567;0.00056241;0.00051555;0.00048552;0.00038273;0.000367;0.00036858;0.00035991;0.00037652;0.00034621;0.00033622;0.00034207;0.00037118;0.00030721;0.00030225;0.00025571;0.00035461;0.00030651;0.00032087;0.0003095;0.00026401;0.00031326;0.00031276;0.0004079;0.00035718;0.00034319;0.00040223;0.0008129;0.00068673;0.0004925;0.000605;0.00043287;0.00094757;0.000429;0.00038814;0.00097526;0.00066727;0.00052137;0.00143475;0.00088733;0.00074548;0.00071136;0.00029913;0.00031784;0.00034198;0.00033626;0.00031232;0.00048436;0.00033023;0.00034038;0.00104493;0.0005125;0.00043792;0.00044684;0.00028998;0.00031191;0.00035381;0.00038176;0.00033547;0.00030954;0.00030884;0.00034052;0.00031379;0.0003086;0.00029869;0.00024401;0.00083584;0.00027356;0.00027664;0.00028903;0.00025778;0.00031467;0.00031738;0.0002998;0.0002839;0.000271;0.00030658;0.00028682;0.00030932;0.00030679;0.00028447;0.00028465;0.00028855;0.00027897;0.0002794;0.00028406;0.0002828;0.00026903;0.00026963;0.00027792;0.00029901;0.00026862;0.00026988;0.00029043;0.00028438;0.0003019;0.00028593;0.00027259;0.0003052;0.0002816;0.00030567;0.00031232;0.00028351;0.0002851;0.00031314
PAS1_E2R3;0.00020091;0.00039919;0.00036934;0.0003058;0.00029623;0.00031437;0.00056077;0.000978;0.0041739;0.04196078;0.04795292;0.01217928;0.01076899;0.00669247;0.00455902;0.00058208;0.00093854;0.00209991;0.00778885;0.03324395;0.06694625;0.0644726;0.00797293;0.00285089;0.00210822;0.01107536;0.00147845;0.00257034;0.00253391;0.00146684;0.00251754;0.00495446;0.0018621;0.00063412;0.00082167;0.00259879;0.00831428;0.00495652;0.0172944;0.02936208;0.01143309;0.00893888;0.00484449;0.00116257;0.00475224;0.00350642;0.00332911;0.0037518;0.00209148;0.0076798;0.00293131;0.0013964;0.00135185;0.00032858;0.0017621;0.00267935;0.00267709;0.00329181;0.001616;0.00064648;0.00068968;0.00150593;0.00140406;0.0039435;0.00653787;0.00138733;0.00148739;0.00264104;0.02784555;0.05627729;0.01130524;0.00121499;0.00330465;0.03520891;0.02047316;0.03593415;0.01393924;0.01684708;0.00532741;0.00911074;0.01927704;0.04167822;0.02614439;0.0150573;0.02950384;0.02158111;0.0152584;0.00324011;0.00220634;0.00174388;0.00150531;0.0063387;0.00059447;0.00035487;0.00072925;0.00035848;0.00027653;0.00040323;0.00053349;0.00060576;0.00034568;0;0;0;0;0;0;0;0;0;0;0;0;0;0;0.00018173;0.00031798;0.0003456;0.00069992;0.0158679;0.00460586;0.00459081;0.00092574;0.00045583;0.00032576;0.00035677;0.00034221;0.00033732;0.0004033;0.00039017;0.0003725;0.00041177;0.00075056;0.00100765;0.00049439;0.00045762;0.0003966;0.00034993;0.00029751;0.00027548;0.00032366;0.00032562;0.00034228;0.000339;0.00027692;0.00029412;0.00028014;0.00028923;0.0003287;0.00028208;0.00032259;0.00030285;0.00032608;0.00029608;0.00030858;0.0003193;0.00036338;0.00028699;0.00033837;0.00035375;0.00081285;0.00065228;0.00043841;0.00047935;0.0004414;0.00095411;0.00041106;0.0003657;0.00094361;0.00060899;0.00048916;0.00150211;0.0008789;0.00071798;0.0007304;0.00030147;0.00036169;0.00036652;0.00029323;0.00029586;0.0004987;0.00035593;0.0003394;0.00101765;0.00049153;0.00039695;0.00044413;0.00029374;0.00031783;0.00034659;0.00037163;0.00033624;0.00031537;0.00029089;0.00034677;0.0002553;0.00027253;0.00031783;0.00030802;0.00087856;0.00030233;0.000287;0.00029482;0.00028169;0.00030389;0.00034004;0.00031333;0.0003151;0.00030657;0.00028893;0.00025683;0.00029321;0.00027335;0.00033945;0.00028911;0.00027763;0.00028252;0.00027243;0.00028568;0.00022747;0.00024631;0.00028654;0.00030374;0.00029376;0.00026262;0.00032135;0.00025385;0.00030433;0.00029807;0.00029547;0.00028947;0.00027357;0.00029388;0.00026131;0.00028153;0.00034578;0.00031619;0.00029004
PAS1_E3R1;0.00021884;0.00036926;0.00039141;0.00037762;0.00030071;0.00030005;0.00044133;0.00089348;0.00403788;0.041185851;0.048905771;0.01211405;0.01071781;0.00682563;0.00451016;0.00052791;0.00092602;0.00205443;0.00743672;0.032434801;0.067897561;0.065280791;0.00801712;0.00291127;0.0020283;0.01121215;0.00155442;0.00264809;0.00257099;0.00140943;0.0025278;0.00490989;0.00183062;0.00067926;0.00079168;0.00245518;0.0064678;0.00481327;0.01736909;0.029615581;0.01105977;0.00894257;0.00503636;0.00109827;0.00487494;0.00359632;0.00331775;0.003823;0.00213556;0.00771902;0.00301339;0.00144372;0.00133746;0.00032057;0.00171663;0.0026661;0.00259388;0.00325784;0.00158166;0.00062292;0.00062327;0.00147881;0.0013837;0.00395846;0.00656043;0.00144649;0.00151302;0.00264297;0.027389071;0.056765951;0.01160303;0.00131327;0.00334159;0.034182961;0.02138485;0.036567651;0.0137246;0.01715186;0.00530426;0.00899714;0.01945885;0.041941761;0.026057551;0.01529552;0.029743191;0.02170284;0.01544919;0.00330502;0.00224797;0.00163713;0.00150294;0.00664333;0.00059952;0.000392;0.00070393;0.00040586;0.00031111;0.00037172;0.00050537;0.00060661;0.00029166;0;0;0;0;0;0;0;0;0;0;0;0;0;0;0.00023066;0.00052849;0.00032734;0.00070929;0.01577855;0.00448315;0.004574;0.00100354;0.00045059;0.00033104;0.0003613;0.00033168;0.00031715;0.00031979;0.00039113;0.00037641;0.00038345;0.00072399;0.00096232;0.00045582;0.00036797;0.00036486;0.00034804;0.00031077;0.0003129;0.00031819;0.00035957;0.00028624;0.00033007;0.00031158;0.00029538;0.0002882;0.0002812;0.00029425;0.00030286;0.00031604;0.00029571;0.00028497;0.00029476;0.00025719;0.00029231;0.00033981;0.00030687;0.00029911;0.00032486;0.00075548;0.00061634;0.0004854;0.00047946;0.00038419;0.00091134;0.00046061;0.00038894;0.00096393;0.00060156;0.0004783;0.00149344;0.00092243;0.00064158;0.00069709;0.00029927;0.00030909;0.00030487;0.00032901;0.00030419;0.00045461;0.00034658;0.00029933;0.00104571;0.00050156;0.00039877;0.00045372;0.00031875;0.00034185;0.00034206;0.00035515;0.00030889;0.00032864;0.00029157;0.00030941;0.00029099;0.00026055;0.00031124;0.00028221;0.00060723;0.00030092;0.00027379;0.00027941;0.00027884;0.00026597;0.0003099;0.00028064;0.00027604;0.0003043;0.00031392;0.00028838;0.00029352;0.00026217;0.00033215;0.00029608;0.00027382;0.00026247;0.00029291;0.000265;0.00026605;0.00030412;0.00030724;0.00029214;0.00027441;0.00028505;0.00028656;0.00026321;0.00030335;0.00028257;0.00026864;0.00031296;0.00031251;0.00028407;0.00030577;0.00029439;0.00026223;0.00026949;0.00025205
PAS1_E3R2;0.00018662;0.00039745;0.00032197;0.0003004;0.00030713;0.00029819;0.00047595;0.00087383;0.00410851;0.041958841;0.048098561;0.01214295;0.01070312;0.00681257;0.00454426;0.00049727;0.00096495;0.00209437;0.00765722;0.032934831;0.066173061;0.065076521;0.00768796;0.00285352;0.00207016;0.01107203;0.00150525;0.00247499;0.00243422;0.00132426;0.00245197;0.0048855;0.00183513;0.00061423;0.00073572;0.00246165;0.00658005;0.00492069;0.01717021;0.029481691;0.01109975;0.00882632;0.00499757;0.00107375;0.00471529;0.0035628;0.00331816;0.0038439;0.00212424;0.00767338;0.00309902;0.00148903;0.00128102;0.000304;0.00175935;0.00260007;0.00262012;0.00323111;0.00156175;0.00064502;0.00059837;0.00154212;0.00138504;0.0039824;0.00659958;0.00148936;0.00149911;0.00263203;0.027508131;0.057037871;0.01172615;0.00122675;0.00322865;0.034120501;0.02137474;0.036836741;0.01373017;0.01726748;0.00528021;0.0090384;0.01936088;0.041979661;0.026075111;0.01531589;0.029839221;0.02173538;0.01546429;0.00322625;0.00219584;0.0016738;0.00157782;0.00705083;0.00059573;0.00043813;0.00074023;0.0004133;0.00029903;0.00038534;0.00055161;0.00066191;0.00032447;0;0;0;0;0;0;0;0;0;0;0;0;0;0;0.00023281;0.00049415;0.00032012;0.00063423;0.01595339;0.00444845;0.00450791;0.00099033;0.00041633;0.00032823;0.00037695;0.00033525;0.00037774;0.00038751;0.00036388;0.00042343;0.00043835;0.000738;0.00096164;0.00058352;0.000416;0.00035031;0.00034782;0.00033168;0.00033068;0.00032709;0.00031;0.00031441;0.00030021;0.00030656;0.00031376;0.00031928;0.00030825;0.00027051;0.00031923;0.00031235;0.00028801;0.00030797;0.00031311;0.00034573;0.00028585;0.00040027;0.00032766;0.0003287;0.00036575;0.00076667;0.00069642;0.00047637;0.00060685;0.00039829;0.00094435;0.00039288;0.00040918;0.00092394;0.00063805;0.00056214;0.00154926;0.00088671;0.00070949;0.00067881;0.00032262;0.00030706;0.00031105;0.00034477;0.00030458;0.00048574;0.0003867;0.00031846;0.00104132;0.00052223;0.0004339;0.0004922;0.00032178;0.00028872;0.00034791;0.00036649;0.00025964;0.00028342;0.00033098;0.00031528;0.00031666;0.0002968;0.00031083;0.00029615;0.00066707;0.00027095;0.00030165;0.00026319;0.00029779;0.00028107;0.00028342;0.00032859;0.00028407;0.00030825;0.00028338;0.00031262;0.00031024;0.00028255;0.00028622;0.00028311;0.00028183;0.00027838;0.00030089;0.00028281;0.0002483;0.00027419;0.00029291;0.0002558;0.00025974;0.00032154;0.00028543;0.00024106;0.00029219;0.00031549;0.00027701;0.00030994;0.00027992;0.00029411;0.00032338;0.00025739;0.00027838;0.00027733;0.00030771
PAS1_E3R3;0.00024944;0.00044588;0.00042269;0.00036881;0.00032224;0.00031539;0.00040534;0.00072095;0.00391026;0.041178529;0.048542979;0.01210626;0.01071543;0.00683179;0.00450958;0.00045831;0.00086627;0.00191594;0.00735191;0.032205089;0.067343669;0.065227349;0.00820903;0.00302944;0.00213906;0.0112469;0.00164805;0.00267471;0.00256288;0.0014343;0.00254118;0.00488713;0.00188293;0.00058262;0.00075313;0.00251126;0.00639916;0.00486957;0.01719017;0.029505209;0.01110029;0.00897509;0.00506773;0.00118807;0.00491523;0.00359781;0.00336344;0.00383616;0.00204583;0.00773917;0.00301149;0.00147778;0.00137873;0.00031689;0.00174709;0.00261391;0.00266846;0.00327956;0.00162058;0.00063249;0.00061676;0.00149044;0.00138535;0.00398552;0.00655357;0.00145377;0.00150307;0.00263734;0.027534439;0.056453509;0.01150501;0.00120809;0.00327486;0.034680699;0.02090759;0.036352349;0.01383377;0.01701614;0.0053178;0.00906345;0.01933666;0.041812349;0.026030039;0.01529192;0.029634039;0.02172617;0.01547645;0.00324675;0.00223139;0.00163944;0.00147993;0.00671668;0.0005992;0.00037949;0.00068348;0.00039776;0.00032636;0.0004039;0.00054568;0.00061719;0.0003462;0;0;0;0;0;0;0;0;0;0;0;0;0;0;0.00019137;0.00034982;0.00029915;0.00071273;0.01601929;0.00461762;0.00457067;0.0010505;0.0004715;0.00037151;0.00034356;0.00036468;0.00035192;0.00037043;0.00038492;0.0003828;0.00048161;0.00083525;0.00113112;0.00058203;0.00039239;0.00040481;0.00031885;0.00030884;0.00034502;0.00033443;0.00038733;0.00028972;0.0003793;0.00029713;0.00032573;0.00029096;0.00032815;0.00035012;0.00031598;0.00032173;0.00033059;0.0003043;0.0003176;0.00032165;0.00030362;0.00043319;0.00028789;0.00035261;0.0003505;0.00083502;0.00069553;0.00045031;0.00053888;0.00044118;0.00094358;0.00043978;0.00040319;0.00092672;0.00067595;0.00050443;0.00151591;0.00078958;0.00068544;0.00068207;0.00030408;0.00035481;0.00030601;0.00030441;0.00033695;0.00045719;0.00037149;0.00034604;0.0010443;0.00049861;0.00043213;0.00046557;0.00031963;0.00029432;0.00032978;0.00037054;0.00028035;0.00027479;0.00027686;0.00032748;0.00028233;0.00024917;0.00031143;0.00031503;0.00066767;0.00027976;0.00031559;0.00029839;0.00025563;0.00028046;0.00027087;0.00028376;0.00028318;0.00027442;0.00030399;0.00030277;0.00027336;0.00026767;0.00029842;0.00031501;0.00028584;0.00027574;0.00030219;0.00027581;0.00031419;0.0002561;0.00029563;0.00028582;0.00027467;0.00031119;0.00031363;0.00024459;0.00027384;0.00027684;0.00033406;0.00030086;0.00027842;0.00031169;0.00029515;0.00028056;0.00029898;0.00028316;0.00025307
PAS2_E1R1;0.00015952;0.00034257;0.000301;0.00033361;0.00038286;0.00044625;0.00087396;0.00152971;0.00501161;0.040720601;0.047923841;0.01300522;0.01204413;0.00804628;0.00561527;0.00066767;0.00119405;0.00258603;0.01105632;0.032710091;0.064818402;0.080970712;0.00574071;0.00226336;0.00173615;0.00904583;0.00116256;0.00202509;0.00202736;0.0012884;0.00257788;0.00532496;0.00204288;0.00066531;0.00082045;0.00259648;0.00709582;0.00512983;0.016752231;0.030471031;0.01155156;0.00847742;0.00520394;0.00113775;0.00699181;0.00488788;0.00424748;0.00386982;0.0031191;0.00743923;0.00329843;0.00151272;0.00149566;0.00038955;0.00177305;0.00276503;0.00260452;0.00313357;0.00151812;0.0006366;0.00070476;0.0017437;0.00152727;0.00420242;0.00725468;0.00161956;0.00168572;0.00292037;0.027463231;0.051546602;0.01177257;0.00113589;0.00333841;0.027400991;0.021535631;0.033226931;0.01181685;0.0164437;0.00589116;0.00884782;0.019151081;0.038905241;0.024140441;0.01368391;0.027603261;0.020223401;0.01453304;0.00304022;0.00246066;0.00153354;0.00212172;0.00983633;0.00100985;0.00046975;0.00089348;0.00037324;0.0003453;0.00042589;0.00054276;0.00065202;0.00040987;0;0;0;0;0;0;0;0;0;0;0;0;0;0;0.00020873;0.00036867;0.00030875;0.00059984;0.01425253;0.00434803;0.00442684;0.00092549;0.00039378;0.00033837;0.0003263;0.00031346;0.00035491;0.00036117;0.00032274;0.00034913;0.00044732;0.00080107;0.00115309;0.00055136;0.00041248;0.00036819;0.00030737;0.00035662;0.00029638;0.0003221;0.00030716;0.00030783;0.00030561;0.00028864;0.00026479;0.00030138;0.00027427;0.00030409;0.00031042;0.00026836;0.00030683;0.00031334;0.00030848;0.00027912;0.00026824;0.00041576;0.0002987;0.00034267;0.00038603;0.00067971;0.00064153;0.00042074;0.00054612;0.00038454;0.00097596;0.00051108;0.00034297;0.00090324;0.00066935;0.00052104;0.0015468;0.00088927;0.00066498;0.00072238;0.00031589;0.00033021;0.00030867;0.00031699;0.00032164;0.00048535;0.00029674;0.00037643;0.00113069;0.00044378;0.00042027;0.00048872;0.00033723;0.00028098;0.0003399;0.0003902;0.00029116;0.00027473;0.00028261;0.00031204;0.00029561;0.00028622;0.00029326;0.00026171;0.00063321;0.00030288;0.00030789;0.00028513;0.00027072;0.00028233;0.00026581;0.00030909;0.00031309;0.00025209;0.00026844;0.00027932;0.0002857;0.0002917;0.00024236;0.00027979;0.00029282;0.00027993;0.00025955;0.00034234;0.00031637;0.00028326;0.00027496;0.00029085;0.00031481;0.00030568;0.00029388;0.0002811;0.000288;0.00028354;0.00026171;0.00030857;0.00032195;0.00028908;0.00027366;0.00027271;0.00030926;0.00033564;0.00029104
PAS2_E1R2;0.00031715;0.00064203;0.00061316;0.00064908;0.00058939;0.00062218;0.00043963;0.00030222;0.00240126;0.036946331;0.047156582;0.013592641;0.01219502;0.00835946;0.00566328;0.00065454;0.00063129;0.00129923;0.00891389;0.029373121;0.062219952;0.079896933;0.00964846;0.00410412;0.00291918;0.01000651;0.00226433;0.00274286;0.00275463;0.00189132;0.00294565;0.00569712;0.00250191;0.00099751;0.00101628;0.00254122;0.00697465;0.00484175;0.015971061;0.030169011;0.01230234;0.00894527;0.00589178;0.00152285;0.00737771;0.00527613;0.00458222;0.00418362;0.00353586;0.00779657;0.00372456;0.00197027;0.00170488;0.0003424;0.00196442;0.00304206;0.0027726;0.00331629;0.00177525;0.00087023;0.00077;0.00177768;0.0015454;0.00418595;0.00717008;0.00162636;0.00157529;0.00254014;0.026658951;0.050103752;0.01214103;0.00140335;0.00325979;0.027614461;0.020491331;0.032464251;0.0121309;0.016535251;0.00615897;0.00904461;0.018780061;0.038218082;0.024153111;0.014133841;0.027248371;0.020335721;0.014907921;0.00380857;0.0029103;0.0019935;0.00204902;0.01000218;0.00061542;0.00032271;0.00044688;0.00055069;0.00044012;0.00033176;0.000295;0.00035959;0.00022531;0;0;0;0;0;0;0;0;0;0;0;0;0;0;0.00016895;0.00027142;0.00025443;0.00076954;0.013920791;0.00429705;0.00419815;0.00101173;0.00045382;0.00034746;0.0004106;0.00036964;0.00041703;0.00049017;0.00041826;0.0004932;0.00055833;0.00087339;0.00129711;0.0006257;0.00048683;0.0004308;0.00033641;0.00034985;0.00038883;0.00033935;0.00035844;0.0002874;0.00033936;0.00030786;0.00031585;0.00034649;0.00032186;0.0003231;0.00029855;0.00029049;0.00034829;0.00032062;0.00029459;0.00032127;0.0003117;0.0004431;0.00035691;0.00031213;0.00042388;0.000797;0.00074806;0.00051601;0.00064691;0.00048418;0.00103838;0.00056503;0.00042425;0.00091148;0.00071012;0.00058512;0.00162286;0.0009205;0.00077676;0.0006893;0.00035069;0.00031418;0.00031575;0.00035058;0.00034626;0.00053691;0.00038437;0.00036293;0.00114323;0.00048799;0.00043094;0.00049501;0.00030856;0.00030107;0.00039033;0.00040881;0.00028711;0.0002935;0.00028659;0.00029422;0.00028261;0.00030755;0.00027628;0.00028098;0.00060953;0.00029062;0.00029182;0.00026983;0.00028818;0.00026658;0.00030693;0.00028195;0.00027365;0.00028182;0.0002871;0.00026865;0.00031542;0.0002578;0.00029717;0.00025006;0.00030212;0.00030572;0.0002761;0.00026888;0.00026614;0.00027561;0.00025327;0.00025933;0.00029338;0.0003233;0.00028848;0.00030514;0.00029399;0.00026485;0.00026866;0.00025798;0.00029763;0.00030014;0.00027928;0.00029837;0.0002476;0.00030022;0.00027459
PAS2_E1R3;0.00023924;0.0004916;0.00053908;0.00054448;0.00049743;0.00047842;0.0003382;0.00027385;0.002734792;0.037482213;0.047267282;0.013504292;0.012254681;0.008350357;0.005718355;0.000606531;0.000746011;0.001579721;0.009294738;0.029994727;0.062514206;0.079805411;0.009061498;0.003891653;0.002801202;0.009895549;0.002170672;0.002714632;0.002676802;0.001834182;0.002980043;0.005676135;0.002551662;0.000996481;0.001073321;0.002613952;0.007080556;0.004941924;0.016196454;0.030218647;0.012190291;0.008907058;0.005826055;0.001522601;0.007349917;0.005213185;0.004632984;0.004225064;0.003529613;0.007812857;0.003710033;0.001950182;0.001713002;0.00033793;0.001996972;0.003014573;0.002831103;0.003434173;0.001745922;0.000829681;0.000890831;0.001889592;0.001599771;0.004270894;0.007168866;0.001723642;0.001743702;0.002817343;0.027048114;0.050346345;0.012128821;0.001416771;0.003456773;0.027787855;0.020743908;0.032630799;0.012136301;0.016578245;0.006193926;0.009179858;0.019074317;0.038437564;0.024133841;0.014182643;0.027374624;0.020352128;0.014762523;0.003628383;0.002932073;0.002063482;0.002096762;0.009999819;0.000650411;0.00034363;0.00041384;0.000581591;0.00046771;0.00039376;0.00029526;0.00030304;0.00018695;0;0;0;0;0;0;0;0;0;0;0;0;0;0;0.00031187;0.00049711;0.00040182;0.000617441;0.013708832;0.004037984;0.003965244;0.000715491;0.00030446;0.00030714;0.00028457;0.00030956;0.00031405;0.00035421;0.00031744;0.00031607;0.00036367;0.000742761;0.001107741;0.00054024;0.0003259;0.00037007;0.00028953;0.00030378;0.00030512;0.00032983;0.00031003;0.00030327;0.00027252;0.00028866;0.00031723;0.00029663;0.00031635;0.00030253;0.00031753;0.0002992;0.00030467;0.00029058;0.00030674;0.0002934;0.00029657;0.00038887;0.00030191;0.00034001;0.00033847;0.000725711;0.000667321;0.00046953;0.000580771;0.00043663;0.001033541;0.00045146;0.00039259;0.000880351;0.000657131;0.00048249;0.001534961;0.000813541;0.000654701;0.000693841;0.00028349;0.00027765;0.0002941;0.00030943;0.00029932;0.00048335;0.00037303;0.0003476;0.001100751;0.00044506;0.00042172;0.0004755;0.0003239;0.00033109;0.00035198;0.00034942;0.00028745;0.00030042;0.0002879;0.00030888;0.00029668;0.00024954;0.00031498;0.00029917;0.000619371;0.00028087;0.00026243;0.00027413;0.0002662;0.00030846;0.00029901;0.00029143;0.00027265;0.00031229;0.00029295;0.00031904;0.0002731;0.00027175;0.00031283;0.0002663;0.00030523;0.00028348;0.00027684;0.00027352;0.00027474;0.00032218;0.00025901;0.00027606;0.00028965;0.00028926;0.00029415;0.00030153;0.00031105;0.00029619;0.00027586;0.00027748;0.00030246;0.00029483;0.00028307;0.00028047;0.00028104;0.00028832;0.00029577
PAS2_E2R1;0.00019646;0.00034792;0.00030904;0.00029482;0.00028156;0.00028887;0.00053439;0.00106046;0.0042598;0.03983325;0.04713217;0.01274831;0.01220456;0.00832485;0.00572804;0.00062042;0.00107498;0.00222713;0.01045478;0.0314966;0.061916831;0.079697331;0.00634629;0.00274487;0.00213178;0.00941601;0.00143235;0.00211043;0.00222701;0.00149258;0.00272139;0.0054963;0.00222727;0.00071773;0.00090044;0.00264089;0.00736793;0.00505703;0.01629073;0.03029519;0.01177598;0.0086995;0.00552078;0.00116993;0.00707903;0.00501314;0.0043647;0.00399555;0.00340058;0.00766311;0.00351556;0.00164833;0.001552;0.00029938;0.00182638;0.0028994;0.00267411;0.00312476;0.00155981;0.00075264;0.00077644;0.0017242;0.00159789;0.00430434;0.00721351;0.00166982;0.00169523;0.00289719;0.02744078;0.051910011;0.01216498;0.00117022;0.00333885;0.0276824;0.02177022;0.03356134;0.0120185;0.0166674;0.00606938;0.00916007;0.01942808;0.03929966;0.0243649;0.01402858;0.02794146;0.02060539;0.01488982;0.0032948;0.00266989;0.00181692;0.00216494;0.01019017;0.00087928;0.00035078;0.00061285;0.00033465;0.00029886;0.00031102;0.00040284;0.00048524;0.00033608;0;0;0;0;0;0;0;0;0;0;0;0;0;0;0.00022844;0.0003858;0.00027786;0.00057833;0.01415358;0.00407746;0.00406518;0.00083776;0.00036262;0.00033651;0.00032022;0.00031173;0.00032641;0.00038514;0.00035038;0.000353;0.00043791;0.00076609;0.00117022;0.00060043;0.00036522;0.0003898;0.00028868;0.00032772;0.0002921;0.00031572;0.00033932;0.00027556;0.00029915;0.00030989;0.00028385;0.00028041;0.00031517;0.00027391;0.000294;0.00028961;0.00029674;0.00027909;0.00027659;0.00030579;0.00030002;0.00036051;0.00034022;0.00032919;0.00032713;0.0007128;0.0006174;0.00044629;0.00061154;0.0003312;0.00097419;0.00048975;0.00033906;0.00085847;0.00066503;0.00056523;0.00159331;0.00084454;0.00070926;0.00074423;0.00031165;0.00032464;0.00032087;0.00032739;0.00033414;0.0004863;0.00037664;0.00033972;0.00106747;0.00052192;0.00039628;0.00048487;0.00033225;0.00032831;0.00034219;0.00038688;0.00029998;0.000276;0.0002839;0.0002696;0.000301;0.00030282;0.00032083;0.00026791;0.00068734;0.00028542;0.00028335;0.00025085;0.00028253;0.00027189;0.00026573;0.00023853;0.0002482;0.00031933;0.00029449;0.00029057;0.00029083;0.0002705;0.00029411;0.00030016;0.0003113;0.00028266;0.00030288;0.00028388;0.00029639;0.00026877;0.00028947;0.00031949;0.00027972;0.00026425;0.00029909;0.0003049;0.00030992;0.000311;0.00030326;0.00027111;0.00033087;0.00029742;0.00032842;0.0002884;0.00026385;0.00031291;0.00029744
PAS2_E2R2;0.00017384;0.00034687;0.00031836;0.00032514;0.00026395;0.00030073;0.00058719;0.00105885;0.00429425;0.039902511;0.047041681;0.0126952;0.01218816;0.00824928;0.00574001;0.0006394;0.00107122;0.00224179;0.01052036;0.031517211;0.061814701;0.079934142;0.00630196;0.00274804;0.00206963;0.00950619;0.00148456;0.00215309;0.00218996;0.00148998;0.00271009;0.00550049;0.0022016;0.00074274;0.00086709;0.00269312;0.00743107;0.00501954;0.01631336;0.030278811;0.01174201;0.00873111;0.00548454;0.00112676;0.00703412;0.00510459;0.00435839;0.00407187;0.00329363;0.00757829;0.00347106;0.00168895;0.00152845;0.00028154;0.00190742;0.00289829;0.00264085;0.00314145;0.00158398;0.00072679;0.00075976;0.00183492;0.0015876;0.00434837;0.00725177;0.00170395;0.00180735;0.00298644;0.027501681;0.051904121;0.01204474;0.00128585;0.00338414;0.027700941;0.02176932;0.033475991;0.01206777;0.01660699;0.00604769;0.00915626;0.01947166;0.039289161;0.02431227;0.01403062;0.027876011;0.02053919;0.01480723;0.00326517;0.00262053;0.00181706;0.00217208;0.01036833;0.00089101;0.00035854;0.00062739;0.00039276;0.00030286;0.00034374;0.00031629;0.0005261;0.00024051;0;0;0;0;0;0;0;0;0;0;0;0;0;0;0.00030995;0.00049682;0.00041207;0.0005006;0.01411926;0.0040747;0.00393473;0.00073652;0.00035112;0.00027844;0.00026343;0.00036713;0.0003589;0.00032888;0.00032801;0.00030754;0.00040348;0.00070883;0.00110578;0.00054173;0.00036904;0.00036413;0.00031627;0.0002918;0.00029386;0.00032047;0.00030086;0.00029252;0.00028984;0.0002867;0.00031647;0.00028799;0.00032306;0.00029303;0.00030134;0.00028031;0.00032193;0.00028961;0.00029987;0.00027644;0.00030129;0.00038256;0.00028693;0.00034386;0.00035475;0.00067823;0.00061986;0.00046589;0.00053999;0.0003524;0.00096974;0.00048586;0.00035372;0.00093023;0.00063518;0.00061073;0.00158765;0.00090117;0.00073734;0.00075028;0.00033644;0.00033293;0.00027641;0.00036339;0.000326;0.00047667;0.00029243;0.00032398;0.00106371;0.0004822;0.00039622;0.00048646;0.0003192;0.00031247;0.00035999;0.00036846;0.0002913;0.0002969;0.0003054;0.00033875;0.00028698;0.00028629;0.00027221;0.0003024;0.00067646;0.00027678;0.00025749;0.0002628;0.00025836;0.00028473;0.00026251;0.00028097;0.00030652;0.00029599;0.00029924;0.00028974;0.00028714;0.0003103;0.00027352;0.00027284;0.00032332;0.0003177;0.00028412;0.00029082;0.00030011;0.0003114;0.00027286;0.00031922;0.00028969;0.00028512;0.00030018;0.00027841;0.00030989;0.00028889;0.00027114;0.00029208;0.00028679;0.0002839;0.00029893;0.00029327;0.00029522;0.00027064;0.00029817
PAS2_E2R3;0.00015008;0.0002862;0.00028422;0.0003029;0.00035612;0.00052363;0.00099224;0.00161897;0.00511842;0.04126501;0.04697999;0.01245354;0.0120963;0.00819506;0.00567525;0.00064145;0.00127275;0.0026672;0.01128145;0.03267823;0.062523851;0.080038561;0.00512687;0.00212939;0.00164347;0.0091449;0.00119663;0.00189828;0.00196877;0.00128249;0.00260131;0.00537307;0.00204147;0.00060023;0.00082603;0.00263366;0.00744101;0.00513687;0.01662437;0.03026585;0.01145325;0.00855998;0.00521724;0.00100412;0.0068727;0.0048876;0.00425983;0.00394935;0.00322016;0.00755618;0.00323978;0.00150008;0.00144611;0.00030106;0.00181966;0.00272182;0.00261084;0.00303035;0.00144971;0.00062452;0.00069921;0.00173339;0.0015904;0.00436212;0.00729009;0.00166645;0.0018182;0.00307168;0.02819158;0.051873101;0.01193196;0.00113374;0.00337846;0.02808359;0.02148647;0.03351458;0.01204782;0.01659965;0.00604455;0.0091254;0.01946022;0.03944326;0.02434637;0.01405473;0.02786364;0.02052116;0.01467253;0.00312096;0.0025192;0.00165968;0.00216519;0.01037428;0.00092825;0.00039957;0.00075728;0.00035519;0.00027991;0.00034359;0.00040411;0.00060893;0.0003547;0;0;0;0;0;0;0;0;0;0;0;0;0;0;0.00025116;0.00047315;0.0003617;0.0004794;0.01427093;0.00412349;0.00404355;0.00080942;0.00034978;0.00027376;0.0002991;0.00034394;0.0003355;0.00036354;0.00034029;0.00031229;0.00037375;0.00074217;0.00111337;0.00056075;0.0003856;0.00033899;0.00029844;0.0003035;0.00027694;0.00032729;0.00030967;0.00030926;0.000262;0.00029123;0.00029027;0.00030294;0.00029061;0.00028328;0.00030964;0.00027429;0.00028253;0.00030585;0.00029938;0.00027956;0.0002999;0.00034317;0.00031576;0.00032315;0.00029396;0.0006761;0.00060981;0.00044104;0.00053823;0.00037294;0.00098644;0.0004328;0.00038505;0.0009063;0.00059108;0.00055647;0.00157724;0.00093742;0.00065915;0.00068329;0.00030144;0.00030747;0.00028589;0.00030851;0.00037544;0.00048141;0.00037475;0.00032145;0.00100053;0.00049965;0.00039233;0.00054406;0.00032186;0.00030074;0.00037412;0.00030807;0.0003118;0.00028837;0.00031923;0.00027666;0.00028592;0.00029807;0.00030704;0.00028745;0.00064059;0.00029877;0.00031698;0.00028127;0.00027807;0.00028232;0.0002981;0.00030251;0.00028858;0.00029236;0.0003129;0.00030779;0.0002792;0.00026133;0.00032556;0.00032732;0.00029211;0.0002703;0.00027859;0.0002666;0.00030318;0.00028807;0.00030145;0.00025895;0.00028354;0.0002786;0.00029643;0.00029083;0.00030775;0.000276;0.00026449;0.00029531;0.0002948;0.00026798;0.00029916;0.0002709;0.00026069;0.00028499;0.00029613
PAS2_E3R1;0.00023688;0.00040037;0.00041681;0.00037081;0.00032171;0.00031302;0.00040437;0.00072945;0.00398871;0.040142053;0.046230813;0.012582131;0.011942521;0.007811621;0.00561091;0.0006439;0.00091035;0.00194138;0.010958131;0.031132832;0.061699014;0.081649976;0.008405111;0.00366568;0.00243494;0.009553961;0.00167916;0.00226674;0.00218544;0.00149346;0.00278793;0.00540476;0.00212524;0.00080096;0.00095511;0.00266779;0.008126061;0.00498113;0.016188891;0.029542372;0.011201921;0.008923321;0.0051623;0.00130412;0.00702487;0.00501241;0.00439442;0.00400486;0.00335675;0.007858461;0.00319727;0.00167865;0.00153887;0.00030963;0.0018869;0.00282242;0.00252555;0.00294623;0.00139336;0.00058781;0.00067519;0.0017987;0.00173372;0.00472151;0.007145581;0.00127868;0.00118149;0.00199894;0.027065562;0.051205334;0.011877041;0.00176568;0.00378162;0.030780062;0.019527971;0.031955762;0.012618021;0.016335291;0.00610563;0.009576341;0.019516121;0.038465953;0.024187522;0.014292251;0.026708012;0.020168691;0.014206251;0.00338191;0.00255723;0.0020573;0.00223773;0.011663521;0.00079938;0.0003091;0.0005955;0.00068882;0.0005106;0.00034675;0.00036029;0.00044316;0.00021991;0;0;0;0;0;0;0;0;0;0;0;0;0;0;0.00089351;0.00161473;0.00126051;0.00044384;0.013226771;0.00355009;0.00342799;0.00045484;0.00030118;0.00039063;0.00029973;0.00037287;0.00034091;0.00035796;0.0003105;0.00032681;0.00039237;0.0007471;0.00105165;0.0004388;0.00032756;0.00035503;0.0003538;0.00035215;0.00034873;0.00029999;0.00034877;0.00029702;0.00028649;0.00028745;0.00031598;0.00029587;0.00029084;0.00033822;0.00028074;0.00030542;0.00029953;0.00029494;0.00031854;0.00028197;0.00028434;0.0003767;0.00034078;0.00034156;0.00036011;0.00071728;0.00060824;0.00048291;0.00053283;0.00036291;0.0009504;0.00044088;0.00040383;0.00083927;0.0006966;0.00051256;0.00155104;0.00086837;0.00072452;0.00072145;0.00037252;0.00036284;0.00034783;0.00033629;0.00032001;0.00049489;0.00037095;0.00035442;0.00117551;0.00050878;0.0004085;0.00046234;0.00033296;0.00031371;0.00033764;0.00034933;0.00032832;0.00033446;0.00033297;0.0003388;0.00031092;0.00030196;0.00034453;0.00029769;0.00068756;0.00025802;0.00030386;0.00029775;0.0002984;0.00029734;0.00030873;0.00030858;0.00029777;0.00031888;0.00033212;0.00033352;0.0003032;0.00027439;0.00031396;0.00031107;0.0003169;0.00028543;0.00028933;0.0003;0.00028773;0.00029596;0.00032591;0.00030905;0.00028177;0.00031966;0.00028734;0.00029083;0.0003273;0.00032351;0.00032875;0.00030685;0.00029519;0.00033808;0.00032174;0.00030294;0.00029655;0.00030017;0.00031052
PAS2_E3R2;0.00031728;0.00064028;0.00055794;0.00059762;0.00054844;0.00056421;0.00030868;0.00033258;0.00299251;0.038768198;0.046025687;0.012773259;0.012176489;0.00793326;0.00564719;0.00062607;0.00072276;0.00146905;0.010106229;0.029986518;0.060661906;0.081555045;0.009349429;0.00425564;0.00281979;0.009879109;0.00198158;0.0025498;0.00240137;0.00167434;0.00292059;0.00557514;0.00231212;0.00083675;0.0009476;0.00260523;0.00805002;0.00492859;0.015945169;0.029520288;0.011380299;0.009108089;0.0053805;0.00144303;0.00714929;0.00512621;0.00452336;0.00408025;0.00345958;0.00793659;0.00323529;0.00179045;0.00159881;0.00030114;0.00192257;0.00290582;0.00261605;0.0029806;0.00141248;0.00059969;0.00066351;0.0018039;0.00166312;0.00467754;0.00707822;0.00123958;0.00108669;0.00188023;0.027120798;0.050455527;0.011812469;0.00165742;0.00366578;0.030941438;0.019156849;0.031513278;0.012754389;0.016044709;0.00604665;0.009489349;0.019208529;0.038155098;0.024151639;0.014271339;0.026372188;0.020129989;0.014278099;0.00340737;0.00252839;0.00190386;0.00213911;0.011745069;0.00065593;0.00034396;0.00051066;0.00056955;0.00040567;0.00032431;0.00044635;0.00061596;0.00031769;0;0;0;0;0;0;0;0;0;0;0;0;0;0;0.00060292;0.00098327;0.00068202;0.00042394;0.013607899;0.00400935;0.00365902;0.00062418;0.00034564;0.00030804;0.00038714;0.00035828;0.00037571;0.00039525;0.00041581;0.00044239;0.00046477;0.0009833;0.00131731;0.00066764;0.00046798;0.00044652;0.00036561;0.00034228;0.00037469;0.00035492;0.00036421;0.00038752;0.00029815;0.0003697;0.00035301;0.00034071;0.00032374;0.00030033;0.00032454;0.00034648;0.00034142;0.00035811;0.00040342;0.00037787;0.00037126;0.00045011;0.00035781;0.00039744;0.00043663;0.00079719;0.00072959;0.00054728;0.00062016;0.00043443;0.0010511;0.0005289;0.00044952;0.00092345;0.00077779;0.00062139;0.00168197;0.00092524;0.00075951;0.00072781;0.00038704;0.00039013;0.00036414;0.0003349;0.00035468;0.00053623;0.00038321;0.00042866;0.00115339;0.00051119;0.00045994;0.00054892;0.00037385;0.00035166;0.00037819;0.00040787;0.00030818;0.00027069;0.00033678;0.0003688;0.00033065;0.00029771;0.00031303;0.0002877;0.00064264;0.00031394;0.0003001;0.0003136;0.00028617;0.00026337;0.00029516;0.00028586;0.00025385;0.00031191;0.00033148;0.00033617;0.00031467;0.00029762;0.0003195;0.00030536;0.00028966;0.00030073;0.00033788;0.00029049;0.00030487;0.000302;0.0003094;0.00028469;0.0002843;0.00033519;0.00033978;0.00034543;0.00031248;0.00028217;0.00030832;0.00024387;0.00031;0.0003179;0.00028439;0.00031463;0.00028988;0.00033936;0.00029392
PAS2_E3R3;0.00017841;0.00033713;0.00027651;0.00028496;0.00042206;0.00064837;0.00115203;0.00191464;0.006060719;0.043608816;0.046594825;0.012017099;0.011789499;0.007477369;0.005548239;0.00057029;0.00136503;0.00287959;0.012567029;0.034126717;0.063595104;0.083083652;0.00475547;0.00185673;0.00125383;0.008749469;0.00064578;0.0014682;0.00148191;0.00094412;0.00235254;0.005082859;0.00160363;0.00040745;0.00058373;0.0025948;0.008226799;0.005099609;0.016834758;0.029819727;0.010495359;0.008384649;0.00453975;0.00080303;0.006556089;0.00446503;0.00394941;0.00353339;0.00291054;0.007562459;0.0025388;0.0011827;0.00141878;0.00058768;0.00166721;0.00249289;0.00214067;0.00250224;0.00095721;0.0004161;0.00045019;0.00148947;0.00150181;0.00454043;0.007000179;0.001072;0.00102884;0.00214613;0.028512457;0.051736835;0.011312519;0.00104799;0.00336819;0.030744067;0.019890458;0.032426757;0.012166609;0.016159938;0.005490489;0.009111739;0.019445898;0.038935706;0.024118708;0.013936699;0.026785687;0.019942078;0.013907779;0.00253536;0.00197939;0.00118577;0.00164286;0.011507189;0.00106153;0.0010317;0.00094497;0.00056045;0.00079752;0.00110796;0.00136083;0.00164104;0.00087649;0;0;0;0;0;0;0;0;0;0;0;0;0;0;0.00053139;0.00098622;0.00065373;0.0003999;0.014211789;0.0042451;0.00407511;0.00079696;0.00040269;0.00036359;0.00036446;0.00032145;0.00036257;0.00047513;0.00037482;0.00043366;0.00050778;0.00083937;0.00126806;0.00059695;0.00049671;0.00045895;0.00035879;0.00031414;0.00032777;0.00031405;0.00037295;0.00035234;0.00032038;0.00030124;0.00035023;0.00031888;0.0003184;0.00037047;0.00029802;0.00032398;0.00032421;0.00031639;0.0003086;0.00031089;0.00033163;0.00038809;0.00032107;0.00039836;0.00034849;0.00078377;0.00066631;0.00050224;0.00059713;0.00043706;0.00103196;0.00044283;0.00037801;0.00090528;0.0007142;0.00054672;0.00157995;0.00090661;0.00070886;0.00078688;0.00031108;0.00034528;0.00032995;0.00032924;0.00034291;0.00046916;0.00037759;0.00033453;0.00113475;0.00052518;0.00045437;0.00054591;0.0003441;0.00032388;0.00037922;0.0004008;0.00034558;0.00033319;0.00029437;0.0003632;0.0003182;0.00033118;0.00034202;0.00034232;0.00075644;0.00033294;0.0002798;0.0003048;0.00028048;0.0002901;0.00033528;0.00031158;0.00033084;0.00035299;0.00029247;0.00033997;0.00031093;0.00030577;0.00029593;0.00032011;0.00031222;0.0002893;0.00035182;0.00034577;0.0003247;0.0003249;0.00032363;0.00033895;0.00029728;0.00027582;0.0002959;0.0002741;0.00030003;0.00031309;0.00031703;0.00031607;0.00032286;0.000321;0.0002944;0.00034046;0.00028869;0.00034945;0.00031434
PAS3_E1R1;0.00020758;0.00035701;0.00033796;0.00034501;0.0003035;0.00028568;0.00049699;0.00082875;0.00362886;0.04082658;0.04774837;0.01327861;0.00927698;0.00564416;0.00374943;0.00041632;0.00090457;0.00209343;0.00756266;0.03323294;0.072020009;0.094554749;0.01143632;0.00378315;0.00211823;0.01329025;0.0013929;0.00286676;0.00291525;0.00130431;0.00204568;0.00406988;0.0015655;0.00056171;0.00067669;0.00206947;0.00616683;0.0046628;0.01688438;0.02852339;0.01107093;0.00825847;0.0048097;0.00125065;0.00494546;0.0034035;0.0031401;0.00380052;0.00190422;0.00702062;0.00279917;0.00140731;0.00131273;0.00028284;0.00165697;0.00240473;0.00231585;0.00293968;0.0014471;0.00056806;0.00050751;0.00139477;0.00135454;0.00380964;0.00576496;0.00101981;0.00084346;0.00136874;0.02338469;0.056873989;0.01153092;0.00188355;0.00368925;0.03149641;0.02006955;0.03327196;0.01275953;0.01656237;0.00507343;0.00864939;0.01795432;0.03802144;0.02377726;0.01447364;0.02700856;0.01946416;0.01325577;0.00272975;0.00201603;0.00161569;0.00233701;0.01167909;0.00064455;0.00044242;0.00068199;0.00064291;0.00037998;0.00038557;0.00050113;0.00055364;0.00029178;0;0;0;0;0;0;0;0;0;0;0;0;0;0;0.00087927;0.001612;0.00118926;0.0004489;0.01403487;0.00381516;0.00445235;0.0007423;0.00027021;0.00028801;0.00029315;0.00029109;0.00027609;0.0002653;0.00027143;0.000338;0.00035951;0.00064467;0.00092389;0.0005135;0.00042549;0.00032748;0.00027047;0.00031118;0.00031231;0.00031469;0.00030956;0.00027573;0.0002778;0.00030093;0.00028301;0.00027865;0.00031075;0.00030601;0.00023469;0.00026754;0.00029556;0.00029124;0.00026305;0.00028944;0.00033079;0.00037048;0.00034204;0.00031308;0.00033398;0.00073723;0.0006097;0.00046949;0.00046381;0.0003546;0.00087722;0.00041017;0.00037494;0.000875;0.00062023;0.00049468;0.00127515;0.00076277;0.00063252;0.00060165;0.00029228;0.00030599;0.00031706;0.00033026;0.00029725;0.00044491;0.00034952;0.0003077;0.00093281;0.00037163;0.00036452;0.00043898;0.00028717;0.00030998;0.00033361;0.00030585;0.00027624;0.0002948;0.0003035;0.00032495;0.00031419;0.00027657;0.00029418;0.00031061;0.00056601;0.00026115;0.00027333;0.00029221;0.00026827;0.00024824;0.00028978;0.00027583;0.0002407;0.00030931;0.00031505;0.00028655;0.00028672;0.00027623;0.00028472;0.00025019;0.00025525;0.00028179;0.00028813;0.0003026;0.00026431;0.00030014;0.00030422;0.00029314;0.00027098;0.0002877;0.00029011;0.00028768;0.00028368;0.00028109;0.00029062;0.00029477;0.00029213;0.00025898;0.00023441;0.00026172;0.00026651;0.00029726;0.00026245
PAS3_E1R2;0.00013254;0.0003436;0.00026228;0.00029384;0.00029584;0.0003559;0.00073981;0.00132699;0.00455342;0.042364279;0.047805479;0.0129659;0.00920619;0.0054955;0.00374823;0.00047101;0.00116201;0.00252966;0.00833;0.034949099;0.072880608;0.095361007;0.00971839;0.00296496;0.00169111;0.01299136;0.00103948;0.00255159;0.00266996;0.00105692;0.00185398;0.00385977;0.00140327;0.00045771;0.00055389;0.00199544;0.00617096;0.0048208;0.017198669;0.028541389;0.01078024;0.00812259;0.00448877;0.00102984;0.00484347;0.00316443;0.00295899;0.00363443;0.00173008;0.00695733;0.00263769;0.00125075;0.0012545;0.00038499;0.0016255;0.00237736;0.00226052;0.00287338;0.00128769;0.00043466;0.00046364;0.00134584;0.00124779;0.00385502;0.00567741;0.00097271;0.0009081;0.00155784;0.024252199;0.057119718;0.01113901;0.00175332;0.00372717;0.031770829;0.020151199;0.033493289;0.01270221;0.01628878;0.00487696;0.00853915;0.017993459;0.038381799;0.023795209;0.01430893;0.027070729;0.019473389;0.01315197;0.00247854;0.00178715;0.00136859;0.0020218;0.01204454;0.00066593;0.00065437;0.00067079;0.00044079;0.00029482;0.00060079;0.0007218;0.00091661;0.00046334;0;0;0;0;0;0;0;0;0;0;0;0;0;0;0.00091833;0.0014012;0.00109949;0.00042923;0.01418809;0.00381517;0.00448343;0.00071806;0.00027817;0.00030375;0.00028636;0.00027351;0.00028194;0.00028231;0.0003233;0.00032302;0.00039143;0.0006302;0.00089884;0.00044752;0.0003446;0.00032322;0.00030258;0.00028955;0.00029372;0.00028677;0.00026697;0.00030147;0.00028335;0.0002848;0.00027299;0.00026027;0.00025011;0.000258;0.00029468;0.000274;0.00030606;0.00030328;0.00028173;0.00027136;0.00029619;0.00034762;0.00031726;0.00030194;0.00033239;0.00071067;0.00061785;0.00044941;0.00044113;0.00035485;0.00087853;0.00042176;0.00035774;0.00084977;0.00057302;0.00044786;0.00130973;0.00072442;0.0006197;0.00064337;0.00026023;0.00029743;0.00029847;0.0002861;0.00032663;0.0004077;0.00033994;0.00030626;0.0009171;0.00040637;0.00039282;0.0004277;0.00026463;0.00027839;0.00034454;0.00031731;0.00027096;0.00027059;0.00029537;0.00031241;0.0003011;0.00023813;0.00028744;0.00026066;0.00055142;0.00029818;0.00030193;0.00028485;0.00026122;0.0002904;0.00027129;0.00026978;0.00026513;0.0002993;0.00029245;0.00026391;0.00026968;0.00026339;0.00027125;0.0002798;0.00028392;0.0002807;0.00027459;0.00027763;0.00024114;0.00024693;0.00026994;0.00025931;0.00027335;0.00026434;0.0002983;0.00025809;0.00031661;0.00028711;0.00026161;0.00027903;0.00024529;0.00026579;0.00030264;0.00028452;0.00027995;0.00026003;0.00027128
PAS3_E1R3;0.00025514;0.00049669;0.00050855;0.00042259;0.00048714;0.00036944;0.00029592;0.00039336;0.00300714;0.04020314;0.04716625;0.01344084;0.00937789;0.00564015;0.00372541;0.00043083;0.00070041;0.00165126;0.0068587;0.03272655;0.07057033;0.09423764;0.0120343;0.0042997;0.00246661;0.01350621;0.00174237;0.00317251;0.00317186;0.00149891;0.00220882;0.00417084;0.00174003;0.00067278;0.00074127;0.00205544;0.00608359;0.00463437;0.01681852;0.02838697;0.0112391;0.00849482;0.00483429;0.00148217;0.00503404;0.00350001;0.00326492;0.00390028;0.00203407;0.00714043;0.00283474;0.00152266;0.00136959;0.0002716;0.00170745;0.00252018;0.00241091;0.00303679;0.00149458;0.00055317;0.00050167;0.00134349;0.00130789;0.00376054;0.00564023;0.00110164;0.00078791;0.0014119;0.02413685;0.05592498;0.01099644;0.00182237;0.0036549;0.03237726;0.01935477;0.03270222;0.01316992;0.01603817;0.00504903;0.00866809;0.01772213;0.03796246;0.02387768;0.01439974;0.02669663;0.01953498;0.01336889;0.00285569;0.0020321;0.00168219;0.00223817;0.01211072;0.00057643;0.0004212;0.00058518;0.00056326;0.00030165;0.00040568;0.00052693;0.00069315;0.00035098;0;0;0;0;0;0;0;0;0;0;0;0;0;0;0.00069943;0.00126329;0.0008208;0.0004954;0.01406864;0.00403222;0.00448553;0.00085983;0.00029998;0.00027808;0.00024373;0.00028079;0.00032939;0.00034496;0.00035153;0.00035924;0.00045237;0.00073575;0.00112755;0.00057535;0.00039997;0.00041331;0.00034158;0.0003806;0.00034736;0.00037517;0.0003239;0.00028299;0.00034059;0.00031747;0.00033866;0.00032152;0.00028427;0.00028381;0.00029851;0.00029629;0.00033508;0.00031403;0.0003183;0.00027114;0.00033595;0.00043686;0.0002933;0.00035542;0.00038386;0.00082048;0.00065113;0.00052246;0.00048515;0.00043544;0.00093656;0.00049742;0.00041063;0.00089225;0.00063865;0.00053793;0.00141326;0.00076871;0.00065597;0.0006503;0.00028873;0.00032474;0.00035071;0.00032089;0.00032351;0.00040677;0.00032425;0.00035519;0.00105814;0.00038872;0.00037818;0.00047295;0.00029636;0.00029765;0.00035107;0.00034511;0.00028471;0.00031591;0.00029138;0.00031664;0.00028736;0.00026904;0.00025278;0.00027974;0.00055148;0.0002664;0.0002748;0.00025748;0.00027794;0.00024607;0.00026216;0.00029295;0.00026764;0.00030558;0.00026257;0.00026326;0.00028977;0.00025028;0.00026602;0.00028443;0.00028525;0.00028332;0.00025595;0.0002844;0.00028524;0.00025511;0.00027121;0.00030648;0.00030803;0.00026976;0.00030382;0.00029163;0.0002528;0.00025291;0.00029839;0.00026456;0.00025144;0.00025256;0.00026083;0.0002506;0.00027816;0.00029661;0.00025906
PAS3_E2R1;0.00033177;0.00066529;0.00061879;0.00078828;0.0008992;0.00068653;0.00030674;0.00043503;0.00285129;0.039077612;0.047536622;0.013425101;0.00917011;0.00538899;0.00340609;0.00056545;0.00051184;0.00151187;0.00654306;0.031642842;0.070562614;0.094565935;0.012320001;0.00475108;0.00238205;0.013294461;0.00135124;0.00277543;0.00309065;0.00129281;0.00192729;0.00423618;0.00180567;0.00046207;0.00047813;0.00180739;0.00594748;0.00427373;0.016098981;0.028317171;0.011109311;0.00809439;0.00483181;0.00114988;0.00464604;0.00294516;0.00263894;0.00351434;0.00144711;0.00652851;0.0025982;0.00120014;0.0013872;0.00058482;0.00145868;0.00201649;0.00182351;0.00251239;0.00108712;0.00039109;0.00042286;0.00100701;0.00089033;0.00328953;0.00546085;0.0007195;0.00068994;0.00106332;0.021813201;0.056013213;0.011112471;0.00161193;0.00278009;0.029530431;0.019556981;0.032838242;0.011784451;0.016269531;0.00452538;0.00788337;0.016735131;0.037185872;0.023434681;0.013893161;0.026663761;0.018935441;0.013202471;0.00241727;0.00173429;0.0011809;0.00158581;0.011173101;0.00093607;0.00106044;0.00098843;0.00072163;0.00108488;0.00138392;0.00182187;0.00242155;0.00093317;0;0;0;0;0;0;0;0;0;0;0;0;0;0;0.00021389;0.00066272;0.00049666;0.00089415;0.015294971;0.00508007;0.00552929;0.0017433;0.00109619;0.0009828;0.00085221;0.00062693;0.00059222;0.00086409;0.00086922;0.00082504;0.00064177;0.00106957;0.00142033;0.00095198;0.00056683;0.00029573;0.00039372;0.00055378;0.00048327;0.0005896;0.00048585;0.00028852;0.0003804;0.00031736;0.00057251;0.00089448;0.00064619;0.00044113;0.00037299;0.00069747;0.00064328;0.0004331;0.00044414;0.00041816;0.00043416;0.00053976;0.00038598;0.00050318;0.00052281;0.0008347;0.00074509;0.00052205;0.00055083;0.00042175;0.00099831;0.0005774;0.00045074;0.00083227;0.0005991;0.0005955;0.00124576;0.00052276;0.00055582;0.000731;0.00034219;0.00032674;0.00036961;0.00030734;0.00028598;0.00048657;0.00039861;0.00037472;0.00106285;0.0005876;0.00083819;0.00082464;0.00034381;0.00050646;0.00061214;0.00035503;0.0005622;0.00037246;0.0003928;0.00094913;0.00041925;0.00114768;0.00115051;0.00055877;0.00059876;0.0003392;0.00030005;0.00032923;0.00028056;0.00028226;0.00028699;0.00030696;0.00082034;0.00083609;0.00031427;0.00044584;0.00033239;0.00031574;0.00030556;0.00029104;0.00026981;0.00027263;0.00031686;0.00033754;0.00033537;0.00026489;0.00027438;0.00031213;0.00034294;0.00044896;0.0002753;0.00027989;0.00028919;0.00032546;0.00074541;0.00088868;0.00034164;0.00025913;0.00033986;0.00027883;0.00029186;0.00028764;0.00024167
PAS3_E2R2;0.00024341;0.00053869;0.00046571;0.00047715;0.00056117;0.00042741;0.000431;0.00091203;0.00369194;0.04085431;0.04787337;0.01321048;0.00925734;0.00552779;0.00334539;0.00061915;0.00064744;0.00225765;0.00780774;0.03337043;0.071964251;0.095240401;0.0111243;0.00396842;0.00217576;0.01289583;0.00076234;0.00245914;0.0028265;0.00107186;0.00172099;0.00400816;0.00155723;0.000313;0.00040245;0.00186553;0.00608159;0.00453266;0.01659598;0.02839705;0.01078322;0.00801422;0.00467588;0.00091653;0.00450581;0.00285919;0.0027394;0.00349396;0.00137006;0.00656797;0.00245366;0.00103664;0.00131714;0.0006587;0.00149521;0.00195982;0.00181198;0.00260906;0.0011065;0.00034969;0.00034548;0.00110656;0.00094623;0.00338151;0.00543245;0.00081577;0.00079266;0.00117921;0.02256358;0.056386871;0.01088875;0.00148623;0.00316216;0.03003467;0.01950646;0.03307109;0.01191412;0.01634252;0.0046186;0.00790234;0.01702738;0.03754009;0.02356558;0.01396098;0.02671901;0.01892364;0.0129733;0.00229647;0.00169241;0.00103706;0.00153051;0.01115741;0.00096463;0.00115961;0.000939;0.00055613;0.00084196;0.00154184;0.00218644;0.00218992;0.0008727;0;0;0;0;0;0;0;0;0;0;0;0;0;0;0.00019109;0.00048867;0.00059663;0.00079538;0.01498226;0.00476297;0.00547043;0.0016369;0.0009612;0.0008664;0.00071883;0.00055282;0.00051241;0.00074231;0.00078206;0.00071027;0.00061994;0.00100874;0.00143158;0.00093639;0.00050099;0.00033177;0.00037854;0.0004687;0.00054473;0.00067656;0.0004214;0.00029972;0.00032342;0.0003369;0.00065083;0.0008639;0.00040769;0.00028808;0.00029521;0.0004714;0.00064479;0.00050515;0.00038677;0.00031462;0.00040974;0.00046966;0.00035558;0.00041058;0.00051771;0.00084642;0.00070305;0.00052094;0.00051641;0.0004085;0.00093736;0.00049173;0.00040277;0.0008165;0.00053447;0.00049383;0.00142322;0.00069873;0.00059152;0.00064079;0.00036793;0.00035865;0.00029439;0.00030346;0.00029814;0.00060297;0.00044666;0.00037194;0.0009763;0.00045145;0.00050387;0.00052667;0.00037506;0.00044417;0.00059808;0.00036874;0.00047929;0.00041621;0.00048679;0.00093385;0.00050775;0.00055109;0.0008068;0.00035949;0.00085043;0.00050774;0.00029731;0.00045338;0.00040205;0.0003285;0.00044284;0.0002897;0.00039486;0.00036853;0.00027551;0.00040789;0.00030731;0.00028372;0.00028572;0.00025632;0.00026237;0.00028763;0.00028586;0.00027624;0.00027111;0.00025761;0.00028258;0.0002579;0.00028615;0.00036576;0.00040128;0.00030702;0.00036124;0.00026506;0.00043211;0.00051375;0.00031067;0.00030232;0.00027566;0.0002949;0.00032107;0.00028209;0.00028908
PAS3_E2R3;0.00032956;0.00071473;0.00062095;0.00075892;0.00085762;0.00064072;0.00034756;0.00054621;0.00304277;0.039778819;0.047162169;0.01320774;0.00917307;0.00540979;0.00339086;0.00055104;0.0005429;0.00166392;0.006777;0.032297659;0.070643479;0.094354428;0.01193047;0.00456116;0.00258163;0.01330261;0.00128412;0.00276116;0.00300291;0.00129232;0.0019028;0.0042044;0.00169239;0.00044565;0.00051062;0.00182257;0.00598651;0.00442497;0.01630667;0.028164149;0.01095201;0.00810525;0.00473437;0.00113523;0.00463094;0.00294725;0.00269004;0.00354271;0.00141856;0.00657848;0.00248455;0.00119351;0.0013425;0.00059274;0.0015104;0.00203181;0.00188965;0.00248324;0.00112013;0.00037789;0.00036292;0.00098922;0.00093944;0.00332006;0.00546177;0.00074311;0.00067889;0.0010823;0.02269171;0.055557649;0.01084603;0.00162495;0.00294583;0.030697499;0.01883387;0.032433599;0.01195777;0.01621364;0.00455301;0.00798381;0.01687346;0.037097989;0.02352397;0.01393039;0.026519249;0.01905625;0.01309774;0.00238364;0.00171045;0.00106023;0.00158399;0.01127616;0.00090718;0.00106396;0.0009318;0.00065538;0.00089903;0.00147822;0.00187824;0.00230917;0.00099738;0;0;0;0;0;0;0;0;0;0;0;0;0;0;0.00018939;0.0007061;0.00060755;0.00103062;0.01541544;0.00498723;0.00549813;0.0017589;0.00106889;0.00091929;0.00084774;0.00062442;0.00056582;0.00076497;0.0008446;0.00072535;0.0007313;0.00100606;0.00143549;0.0008998;0.00051642;0.0003362;0.00039644;0.00053146;0.00047297;0.00060434;0.00049085;0.00033046;0.00037764;0.00033743;0.00061249;0.00091466;0.00054865;0.000361;0.00033186;0.0006113;0.00068231;0.00049469;0.00041695;0.00042847;0.00045961;0.00049218;0.00040775;0.00048949;0.00049696;0.00085219;0.00068265;0.00054943;0.00054723;0.00046362;0.00097241;0.0005735;0.00045031;0.00081798;0.00060352;0.00050284;0.00128992;0.00062088;0.00053942;0.00070696;0.00033635;0.00038166;0.00037133;0.00029644;0.0002926;0.00049512;0.00041917;0.00036988;0.00098247;0.00060681;0.00073346;0.00073084;0.00040454;0.00052075;0.00052236;0.00032728;0.00052527;0.00039138;0.0004214;0.00097629;0.00049157;0.00093322;0.00107102;0.0005306;0.00068524;0.00036527;0.00032138;0.00036514;0.00028786;0.00029393;0.00029871;0.000287;0.00076129;0.00076721;0.0003181;0.00041148;0.00030044;0.00028708;0.00029322;0.00024777;0.00025718;0.00028819;0.00029261;0.0003088;0.00029601;0.00032135;0.00023786;0.00029579;0.00029697;0.00038569;0.00029917;0.00029024;0.00032629;0.00024688;0.00067477;0.00085306;0.0003194;0.00026898;0.00026614;0.00029334;0.00028336;0.00031953;0.0003117
PAS3_E3R1;0.00018068;0.00029536;0.00032661;0.00027907;0.00025812;0.00028199;0.00067485;0.00105741;0.00428587;0.04200933;0.04842819;0.01375576;0.00912133;0.00543854;0.00370344;0.00050485;0.001091;0.00244819;0.0081646;0.03517325;0.07515659;0.09621884;0.01105158;0.00329303;0.00182854;0.01270578;0.00111845;0.00279887;0.00288791;0.00112346;0.00187707;0.00403907;0.00153166;0.00054219;0.00062697;0.00215194;0.00692082;0.0048749;0.01738946;0.02870351;0.01082465;0.00804219;0.00447904;0.00122168;0.00505766;0.00321053;0.00297898;0.00371831;0.00169044;0.00683058;0.00257775;0.00128657;0.00135916;0.00035913;0.0016232;0.00242731;0.00229536;0.00298052;0.00141526;0.00048252;0.00048476;0.00131766;0.00131171;0.0037952;0.00578814;0.00108233;0.00084182;0.00150677;0.02402545;0.05618678;0.01083518;0.00159115;0.00363999;0.03132937;0.01956067;0.03282253;0.01249612;0.01605025;0.00481435;0.00835949;0.01762065;0.03769331;0.0235889;0.01391313;0.02634849;0.01912083;0.01291147;0.00246518;0.00173669;0.00137605;0.00202194;0.01163458;0.00064119;0.00070151;0.00061724;0.00041884;0.00029128;0.00053839;0.00071925;0.00090169;0.00041906;0;0;0;0;0;0;0;0;0;0;0;0;0;0;0.00087515;0.00160661;0.00111942;0.00037857;0.01393935;0.00398858;0.00461199;0.00082343;0.00031085;0.00029054;0.0002871;0.00030617;0.00024758;0.00029339;0.00032653;0.00028239;0.00037513;0.00070687;0.00088301;0.00045248;0.0003091;0.00029651;0.00030457;0.00028569;0.00026617;0.00028049;0.00026533;0.00034256;0.00028122;0.00024003;0.00029215;0.00027995;0.00023549;0.00026307;0.00026261;0.00029856;0.0002968;0.00027167;0.00024628;0.00030275;0.00032353;0.00034222;0.00028811;0.00028235;0.00029875;0.00069802;0.00060224;0.00044138;0.00046671;0.00039941;0.00084138;0.0004325;0.00039031;0.00081186;0.00055065;0.00045012;0.00132119;0.00076961;0.00056777;0.00058203;0.00025093;0.00029733;0.0002949;0.00030504;0.00030059;0.00041396;0.00032425;0.00028199;0.00089573;0.000398;0.00035056;0.00039788;0.00029157;0.00025507;0.00034729;0.00036435;0.00026982;0.00027385;0.00025804;0.00028293;0.00027466;0.00025224;0.00025832;0.00028432;0.00059694;0.00028039;0.00028074;0.00027712;0.00026434;0.00028641;0.00028156;0.00025683;0.00027989;0.00026812;0.00023726;0.00025995;0.00028989;0.00025274;0.00029478;0.00026392;0.00027834;0.0002818;0.00024011;0.00028169;0.00023501;0.00026285;0.00026955;0.00028524;0.00026484;0.00025786;0.00028413;0.00026484;0.0002258;0.0002617;0.00025187;0.00025529;0.0002662;0.00027017;0.00028645;0.00030304;0.00025709;0.00027492;0.00026112
PAS3_E3R2;0.00015727;0.0003003;0.00025147;0.00028353;0.00026702;0.00035808;0.00072761;0.00118889;0.00444632;0.042066831;0.048464551;0.01371653;0.00907844;0.00543247;0.00375312;0.00045005;0.00114682;0.00252956;0.00831809;0.035403041;0.075154272;0.096197062;0.01078423;0.00317206;0.00177382;0.01274369;0.00113512;0.00277785;0.00285418;0.00111464;0.00188175;0.00395477;0.00147099;0.0005102;0.00061132;0.00208739;0.00690685;0.00489911;0.0174045;0.028674721;0.01081115;0.00802109;0.0044327;0.00121756;0.00505774;0.00325707;0.00297458;0.00370419;0.00173145;0.00679911;0.0026612;0.00124386;0.00133133;0.00033357;0.00166353;0.00242632;0.00225592;0.00295957;0.00137561;0.00051465;0.00052002;0.00135916;0.00130884;0.00386857;0.00584673;0.00111697;0.00091598;0.00157422;0.02384142;0.056485061;0.01098037;0.00172405;0.00366757;0.030952651;0.01992391;0.033017081;0.01244999;0.01612993;0.00485153;0.00844731;0.01774668;0.037703331;0.02360351;0.01399536;0.026460721;0.01915977;0.01297713;0.00255611;0.00185485;0.00149731;0.00215807;0.01176796;0.00061181;0.00047446;0.00062283;0.00052977;0.00031533;0.0003719;0.0005423;0.00062972;0.00029498;0;0;0;0;0;0;0;0;0;0;0;0;0;0;0.00100227;0.00169662;0.0012936;0.00039712;0.01382267;0.003752;0.00443577;0.00077948;0.00028865;0.00028809;0.00026832;0.00030086;0.00022895;0.00025945;0.00024201;0.00025819;0.00029087;0.00059306;0.00082669;0.00039772;0.00027794;0.00026333;0.00026246;0.00029444;0.00026179;0.00025805;0.00025821;0.00026763;0.00028178;0.00028135;0.00028856;0.00025057;0.00028061;0.00029741;0.00023719;0.00027556;0.00025436;0.00025891;0.00024736;0.00028062;0.00027663;0.00037281;0.00031424;0.00029894;0.00030981;0.00068105;0.00059485;0.0004087;0.00044236;0.00028674;0.00079572;0.00041094;0.00033078;0.00080761;0.00050972;0.00044427;0.00128577;0.00069213;0.00063034;0.00061236;0.0002744;0.00027621;0.00031399;0.00027533;0.00030825;0.0004347;0.00029393;0.0003565;0.00094024;0.00036986;0.00033413;0.00038132;0.00029033;0.00031709;0.0002796;0.00034191;0.00023986;0.00024654;0.00027734;0.00029675;0.0002299;0.00028681;0.00026968;0.00026153;0.00062326;0.00028533;0.0002612;0.00025772;0.00024507;0.00027871;0.00025931;0.00025694;0.00024394;0.00029749;0.00027205;0.00026742;0.00028134;0.00025923;0.00025374;0.00028248;0.00027258;0.0002595;0.00025305;0.00024516;0.00027971;0.00025128;0.00022969;0.00028458;0.00024758;0.00026447;0.00026354;0.00029783;0.00024374;0.00024735;0.00027828;0.00024257;0.00030039;0.00028201;0.000232;0.00027471;0.00026995;0.00028933;0.00028699
PAS3_E3R3;0.00019363;0.00039344;0.00039192;0.00034037;0.00029823;0.00027664;0.00040876;0.00073511;0.00369135;0.041115557;0.048008446;0.013963479;0.009259609;0.005484;0.00373403;0.0004715;0.00086364;0.00201984;0.007540509;0.034186047;0.073903584;0.095733052;0.012028759;0.00391408;0.00221453;0.012969149;0.00151088;0.00307162;0.00311012;0.00139469;0.00204932;0.00407181;0.00167826;0.00062175;0.00069072;0.00211167;0.006808169;0.00488111;0.017180859;0.028564738;0.011027439;0.008258219;0.00467195;0.00138331;0.00513151;0.00339332;0.00314862;0.00381231;0.00186044;0.006854929;0.00271175;0.00141852;0.00135037;0.00028813;0.0017215;0.00242889;0.00237644;0.00304691;0.00148035;0.00056437;0.00050216;0.00133367;0.00128321;0.00381357;0.00580684;0.00109585;0.0008419;0.00135838;0.023837698;0.055740156;0.010895349;0.0018091;0.00363573;0.031294377;0.019370008;0.032526187;0.012643469;0.016005479;0.00492318;0.008497239;0.017608799;0.037442507;0.023583138;0.014001829;0.026238308;0.019110888;0.012994909;0.00269771;0.00193672;0.00155583;0.00222823;0.011748339;0.00057078;0.00048109;0.0006285;0.00053972;0.00033036;0.00037558;0.00051124;0.00072779;0.00031435;0;0;0;0;0;0;0;0;0;0;0;0;0;0;0.00083595;0.00144324;0.00111337;0.00044237;0.013811739;0.00399234;0.00452455;0.00086019;0.00027172;0.00026153;0.00025865;0.00025511;0.00028313;0.00031062;0.00026907;0.00031201;0.00038494;0.00068597;0.00098664;0.00049034;0.00035417;0.0003183;0.00028457;0.0003162;0.00031093;0.00027233;0.00031658;0.00026763;0.00030207;0.00029482;0.00031141;0.00027683;0.00028721;0.00029003;0.00025291;0.00027757;0.00025211;0.00029524;0.00028768;0.00027199;0.00030341;0.00037772;0.00031742;0.00032336;0.00034564;0.0007331;0.00067639;0.00045709;0.00048604;0.00038489;0.00085121;0.00047312;0.00041373;0.00083871;0.00062466;0.00046859;0.00133572;0.0007566;0.00064382;0.00068714;0.00028864;0.00033816;0.00028521;0.00034827;0.00029719;0.00047799;0.00037914;0.00033795;0.00098927;0.00041123;0.0004361;0.00042707;0.00027681;0.00029849;0.00034312;0.00032613;0.00027538;0.00028125;0.00027711;0.0003;0.00030324;0.00024768;0.00026523;0.0002921;0.00058856;0.00027498;0.00024375;0.00026886;0.00027194;0.00025103;0.0002652;0.0002717;0.00026195;0.00026507;0.00024974;0.00026024;0.00028159;0.00029225;0.00023225;0.00025884;0.00022435;0.00029102;0.00026807;0.00029057;0.00025039;0.00026799;0.00026407;0.00026803;0.00025418;0.00027301;0.00027685;0.00028893;0.00028672;0.00025617;0.00027305;0.00027187;0.00025298;0.00028526;0.0002611;0.00026591;0.00028504;0.00028196;0.00023494
